filepath,transcription,is in en-CA
/en/us/callie/ascii/48000/100.wav,d,True
/en/us/callie/ascii/48000/101.wav,e,True
/en/us/callie/ascii/48000/102.wav,f,True
/en/us/callie/ascii/48000/103.wav,g,True
/en/us/callie/ascii/48000/104.wav,h,True
/en/us/callie/ascii/48000/105.wav,I,True
/en/us/callie/ascii/48000/106.wav,j,True
/en/us/callie/ascii/48000/107.wav,k,True
/en/us/callie/ascii/48000/108.wav,l,True
/en/us/callie/ascii/48000/109.wav,m,True
/en/us/callie/ascii/48000/110.wav,n,True
/en/us/callie/ascii/48000/111.wav,o,True
/en/us/callie/ascii/48000/112.wav,p,True
/en/us/callie/ascii/48000/113.wav,q,True
/en/us/callie/ascii/48000/114.wav,r,True
/en/us/callie/ascii/48000/115.wav,s,True
/en/us/callie/ascii/48000/116.wav,t,True
/en/us/callie/ascii/48000/117.wav,u,True
/en/us/callie/ascii/48000/118.wav,v,True
/en/us/callie/ascii/48000/119.wav,w,True
/en/us/callie/ascii/48000/120.wav,x,True
/en/us/callie/ascii/48000/121.wav,y,True
/en/us/callie/ascii/48000/122.wav,z,True
/en/us/callie/ascii/48000/123.wav,open curly,False
/en/us/callie/ascii/48000/124.wav,hi,False
/en/us/callie/ascii/48000/125.wav,close curly,False
/en/us/callie/ascii/48000/126.wav,Tilda,False
/en/us/callie/ascii/48000/32.wav,Space,True
/en/us/callie/ascii/48000/33.wav,exclamation point,False
/en/us/callie/ascii/48000/34.wav,double quote,False
/en/us/callie/ascii/48000/35.wav,Hash,True
/en/us/callie/ascii/48000/36.wav,dollar sign,False
/en/us/callie/ascii/48000/37.wav,percent,False
/en/us/callie/ascii/48000/38.wav,ampersand,False
/en/us/callie/ascii/48000/39.wav,single,False
/en/us/callie/ascii/48000/40.wav,open parenthesis,False
/en/us/callie/ascii/48000/41.wav,close parenthesis,False
/en/us/callie/ascii/48000/42.wav,Star,True
/en/us/callie/ascii/48000/43.wav,Plus,Should
/en/us/callie/ascii/48000/44.wav,,False
/en/us/callie/ascii/48000/45.wav,Hyphen,True
/en/us/callie/ascii/48000/46.wav,Dot,True
/en/us/callie/ascii/48000/47.wav,None,False
/en/us/callie/ascii/48000/58.wav,None,False
/en/us/callie/ascii/48000/59.wav,None,False
/en/us/callie/ascii/48000/60.wav,less than sign,False
/en/us/callie/ascii/48000/61.wav,equal sign,False
/en/us/callie/ascii/48000/62.wav,greater than sign,False
/en/us/callie/ascii/48000/64.wav,,False
/en/us/callie/ascii/48000/91.wav,open square bracket,False
/en/us/callie/ascii/48000/92.wav,backslash,False
/en/us/callie/ascii/48000/93.wav,close Square,False
/en/us/callie/ascii/48000/94.wav,carrot,False
/en/us/callie/ascii/48000/95.wav,None,False
/en/us/callie/ascii/48000/96.wav,back to,False
/en/us/callie/ascii/48000/97.wav,a,True
/en/us/callie/ascii/48000/98.wav,b,True
/en/us/callie/ascii/48000/99.wav,c,True
/en/us/callie/base256/48000/aardvark.wav,aardvark,False
/en/us/callie/base256/48000/absurd.wav,absurd,False
/en/us/callie/base256/48000/accrue.wav,crew,False
/en/us/callie/base256/48000/acme.wav,Acme,False
/en/us/callie/base256/48000/adrift.wav,None,False
/en/us/callie/base256/48000/adroitness.wav,drunkenness,False
/en/us/callie/base256/48000/adult.wav,dull,False
/en/us/callie/base256/48000/adviser.wav,advisor,False
/en/us/callie/base256/48000/afflict.wav,flick,False
/en/us/callie/base256/48000/aftermath.wav,aftermath,False
/en/us/callie/base256/48000/aggregate.wav,aggregate,False
/en/us/callie/base256/48000/ahead.wav,head,False
/en/us/callie/base256/48000/aimless.wav,aimless,False
/en/us/callie/base256/48000/Algol.wav,Al Gore,False
/en/us/callie/base256/48000/alkali.wav,alkali,False
/en/us/callie/base256/48000/allow.wav,allow,False
/en/us/callie/base256/48000/almighty.wav,Almighty,False
/en/us/callie/base256/48000/alone.wav,alone,False
/en/us/callie/base256/48000/ammo.wav,ammo,False
/en/us/callie/base256/48000/amulet.wav,amulet,False
/en/us/callie/base256/48000/amusement.wav,amusement,False
/en/us/callie/base256/48000/ancient.wav,None,False
/en/us/callie/base256/48000/antenna.wav,and ten,False
/en/us/callie/base256/48000/Apollo.wav,Apollo,False
/en/us/callie/base256/48000/apple.wav,None,False
/en/us/callie/base256/48000/applicant.wav,None,False
/en/us/callie/base256/48000/armistice.wav,armistice,False
/en/us/callie/base256/48000/article.wav,None,False
/en/us/callie/base256/48000/artist.wav,artists,False
/en/us/callie/base256/48000/assume.wav,soon,False
/en/us/callie/base256/48000/asteroid.wav,asteroid,False
/en/us/callie/base256/48000/Athens.wav,Athens,False
/en/us/callie/base256/48000/Atlantic.wav,Atlanta,False
/en/us/callie/base256/48000/atlas.wav,Atlas,False
/en/us/callie/base256/48000/atmosphere.wav,atmosphere,False
/en/us/callie/base256/48000/autopsy.wav,autopsy,False
/en/us/callie/base256/48000/Aztec.wav,Aztec,False
/en/us/callie/base256/48000/baboon.wav,baboon,False
/en/us/callie/base256/48000/Babylon.wav,Babylon,False
/en/us/callie/base256/48000/backfield.wav,backfield,False
/en/us/callie/base256/48000/backward.wav,backward,False
/en/us/callie/base256/48000/backwater.wav,Backwater,False
/en/us/callie/base256/48000/banjo.wav,banjo,False
/en/us/callie/base256/48000/barbecue.wav,barbecue,False
/en/us/callie/base256/48000/beaming.wav,beaming,False
/en/us/callie/base256/48000/bedlamp.wav,medlab,False
/en/us/callie/base256/48000/beehive.wav,beehive,False
/en/us/callie/base256/48000/beeswax.wav,None,False
/en/us/callie/base256/48000/befriend.wav,befriend,False
/en/us/callie/base256/48000/Belfast.wav,Belfast,False
/en/us/callie/base256/48000/belowground.wav,below ground,False
/en/us/callie/base256/48000/berserk.wav,berserk,False
/en/us/callie/base256/48000/bifocals.wav,bifocals,False
/en/us/callie/base256/48000/billiard.wav,Billy,False
/en/us/callie/base256/48000/bison.wav,bison,False
/en/us/callie/base256/48000/blackjack.wav,blackjack,False
/en/us/callie/base256/48000/blockade.wav,blockade,False
/en/us/callie/base256/48000/blowtorch.wav,blowtorch,False
/en/us/callie/base256/48000/bluebird.wav,bluebird,False
/en/us/callie/base256/48000/bodyguard.wav,bodyguard,False
/en/us/callie/base256/48000/bombast.wav,None,False
/en/us/callie/base256/48000/bookseller.wav,books,False
/en/us/callie/base256/48000/bookshelf.wav,bookshelf,False
/en/us/callie/base256/48000/borderline.wav,borderline,False
/en/us/callie/base256/48000/bottomless.wav,bottomless,False
/en/us/callie/base256/48000/brackish.wav,brackish,False
/en/us/callie/base256/48000/Bradbury.wav,Bradbury,False
/en/us/callie/base256/48000/bravado.wav,bravado,False
/en/us/callie/base256/48000/Brazilian.wav,Brasilia,False
/en/us/callie/base256/48000/breadline.wav,Red Line,False
/en/us/callie/base256/48000/breakaway.wav,Breakaway,False
/en/us/callie/base256/48000/breakup.wav,break up,False
/en/us/callie/base256/48000/brickyard.wav,Ricky,False
/en/us/callie/base256/48000/briefcase.wav,briefcase,False
/en/us/callie/base256/48000/Burbank.wav,bourbon,False
/en/us/callie/base256/48000/Burlington.wav,Burlington,False
/en/us/callie/base256/48000/businessman.wav,businessman,False
/en/us/callie/base256/48000/butterfat.wav,butterfat,False
/en/us/callie/base256/48000/button.wav,,False
/en/us/callie/base256/48000/buzzard.wav,buzzer,False
/en/us/callie/base256/48000/Camelot.wav,Camelot,False
/en/us/callie/base256/48000/candidate.wav,None,False
/en/us/callie/base256/48000/cannonball.wav,Cannonball,False
/en/us/callie/base256/48000/Capricorn.wav,Capricorn,False
/en/us/callie/base256/48000/caravan.wav,Caravan,False
/en/us/callie/base256/48000/caretaker.wav,caretaker,False
/en/us/callie/base256/48000/celebrate.wav,celebrate,False
/en/us/callie/base256/48000/cellulose.wav,cellulose,False
/en/us/callie/base256/48000/cement.wav,so,False
/en/us/callie/base256/48000/certify.wav,certify,False
/en/us/callie/base256/48000/chairlift.wav,chair,False
/en/us/callie/base256/48000/chambermaid.wav,chambermaid,False
/en/us/callie/base256/48000/chatter.wav,chat,False
/en/us/callie/base256/48000/checkup.wav,check,False
/en/us/callie/base256/48000/Cherokee.wav,Cherokee,False
/en/us/callie/base256/48000/Chicago.wav,Chicago,False
/en/us/callie/base256/48000/chisel.wav,chisel,False
/en/us/callie/base256/48000/choking.wav,choking,False
/en/us/callie/base256/48000/chopper.wav,Chopper,False
/en/us/callie/base256/48000/Christmas.wav,Christmas,False
/en/us/callie/base256/48000/clamshell.wav,clamshell,False
/en/us/callie/base256/48000/classic.wav,classic,False
/en/us/callie/base256/48000/classroom.wav,classroom,False
/en/us/callie/base256/48000/cleanup.wav,clean up,False
/en/us/callie/base256/48000/clergyman.wav,clergymen,False
/en/us/callie/base256/48000/clockwork.wav,Clockwork,False
/en/us/callie/base256/48000/cobra.wav,None,False
/en/us/callie/base256/48000/coherence.wav,coherent,False
/en/us/callie/base256/48000/combustion.wav,None,False
/en/us/callie/base256/48000/commando.wav,Commando,False
/en/us/callie/base256/48000/commence.wav,commence,False
/en/us/callie/base256/48000/company.wav,None,False
/en/us/callie/base256/48000/component.wav,None,False
/en/us/callie/base256/48000/concert.wav,concert,False
/en/us/callie/base256/48000/concurrent.wav,None,False
/en/us/callie/base256/48000/confidence.wav,confidence,False
/en/us/callie/base256/48000/conformist.wav,None,False
/en/us/callie/base256/48000/congregate.wav,None,False
/en/us/callie/base256/48000/consensus.wav,consensus,False
/en/us/callie/base256/48000/consulting.wav,None,False
/en/us/callie/base256/48000/corporate.wav,None,False
/en/us/callie/base256/48000/corrosion.wav,corrosion,False
/en/us/callie/base256/48000/councilman.wav,None,False
/en/us/callie/base256/48000/cowbell.wav,help,False
/en/us/callie/base256/48000/crackdown.wav,Crackdown,False
/en/us/callie/base256/48000/cranky.wav,cranky,False
/en/us/callie/base256/48000/crossover.wav,None,False
/en/us/callie/base256/48000/crowfoot.wav,Crow Foot,False
/en/us/callie/base256/48000/crucial.wav,None,False
/en/us/callie/base256/48000/crucifix.wav,crucifix,False
/en/us/callie/base256/48000/crumpled.wav,crumple,False
/en/us/callie/base256/48000/crusade.wav,Crusade,False
/en/us/callie/base256/48000/cubic.wav,Cuba,False
/en/us/callie/base256/48000/cumbersome.wav,cumbersome,False
/en/us/callie/base256/48000/customer.wav,None,False
/en/us/callie/base256/48000/Dakota.wav,Dakota,False
/en/us/callie/base256/48000/dashboard.wav,dashboard,False
/en/us/callie/base256/48000/deadbolt.wav,Deadpool,False
/en/us/callie/base256/48000/decadence.wav,decadence,False
/en/us/callie/base256/48000/December.wav,None,False
/en/us/callie/base256/48000/decimal.wav,yes'm,False
/en/us/callie/base256/48000/deckhand.wav,deckhand,False
/en/us/callie/base256/48000/designing.wav,designing,False
/en/us/callie/base256/48000/detector.wav,detector,False
/en/us/callie/base256/48000/detergent.wav,None,False
/en/us/callie/base256/48000/determine.wav,None,False
/en/us/callie/base256/48000/dictator.wav,dictate,False
/en/us/callie/base256/48000/dinosaur.wav,dinosaur,False
/en/us/callie/base256/48000/direction.wav,Direction,False
/en/us/callie/base256/48000/disable.wav,None,False
/en/us/callie/base256/48000/disbelief.wav,disbelief,False
/en/us/callie/base256/48000/disruptive.wav,disruptive,False
/en/us/callie/base256/48000/distortion.wav,None,False
/en/us/callie/base256/48000/document.wav,None,False
/en/us/callie/base256/48000/dogsled.wav,dogs,False
/en/us/callie/base256/48000/dragnet.wav,Dragnet,False
/en/us/callie/base256/48000/drainage.wav,drainage,False
/en/us/callie/base256/48000/dreadful.wav,None,False
/en/us/callie/base256/48000/drifter.wav,drift,False
/en/us/callie/base256/48000/dropper.wav,drop,False
/en/us/callie/base256/48000/drumbeat.wav,drum,False
/en/us/callie/base256/48000/drunken.wav,drunk,False
/en/us/callie/base256/48000/Dupont.wav,None,False
/en/us/callie/base256/48000/dwelling.wav,swelling,False
/en/us/callie/base256/48000/eating.wav,eating,False
/en/us/callie/base256/48000/edict.wav,eat it,False
/en/us/callie/base256/48000/egghead.wav,Egghead,False
/en/us/callie/base256/48000/eightball.wav,8 Ball,False
/en/us/callie/base256/48000/embezzle.wav,Embers,False
/en/us/callie/base256/48000/enchanting.wav,and chanting,False
/en/us/callie/base256/48000/endorse.wav,and doors,False
/en/us/callie/base256/48000/endow.wav,and down,False
/en/us/callie/base256/48000/enlist.wav,and list,False
/en/us/callie/base256/48000/enrollment.wav,None,False
/en/us/callie/base256/48000/enterprise.wav,Enterprise,False
/en/us/callie/base256/48000/equation.wav,equation,False
/en/us/callie/base256/48000/equipment.wav,None,False
/en/us/callie/base256/48000/erase.wav,erase,False
/en/us/callie/base256/48000/escapade.wav,escapade,False
/en/us/callie/base256/48000/escape.wav,Escape,False
/en/us/callie/base256/48000/Eskimo.wav,Eskimo,False
/en/us/callie/base256/48000/everyday.wav,every day,False
/en/us/callie/base256/48000/examine.wav,exam,False
/en/us/callie/base256/48000/exceed.wav,sexy,False
/en/us/callie/base256/48000/existence.wav,existence,False
/en/us/callie/base256/48000/exodus.wav,Exodus,False
/en/us/callie/base256/48000/eyeglass.wav,glass,False
/en/us/callie/base256/48000/eyetooth.wav,I too,False
/en/us/callie/base256/48000/facial.wav,None,False
/en/us/callie/base256/48000/fallout.wav,fall out,False
/en/us/callie/base256/48000/fascinate.wav,None,False
/en/us/callie/base256/48000/filament.wav,None,False
/en/us/callie/base256/48000/finicky.wav,finicky,False
/en/us/callie/base256/48000/flagpole.wav,flagpole,False
/en/us/callie/base256/48000/flatfoot.wav,flat-footed,False
/en/us/callie/base256/48000/flytrap.wav,fly trap,False
/en/us/callie/base256/48000/forever.wav,forever,False
/en/us/callie/base256/48000/fortitude.wav,fortitude,False
/en/us/callie/base256/48000/fracture.wav,fracture,False
/en/us/callie/base256/48000/framework.wav,None,False
/en/us/callie/base256/48000/freedom.wav,freedom,False
/en/us/callie/base256/48000/frequency.wav,frequency,False
/en/us/callie/base256/48000/frighten.wav,None,False
/en/us/callie/base256/48000/gadgetry.wav,gadgetry,False
/en/us/callie/base256/48000/Galveston.wav,Galveston,False
/en/us/callie/base256/48000/gazelle.wav,gazelle,False
/en/us/callie/base256/48000/Geiger.wav,Geiger,False
/en/us/callie/base256/48000/getaway.wav,get away,False
/en/us/callie/base256/48000/glitter.wav,None,False
/en/us/callie/base256/48000/glossary.wav,glossary,False
/en/us/callie/base256/48000/glucose.wav,glucose,False
/en/us/callie/base256/48000/goggles.wav,goggles,False
/en/us/callie/base256/48000/goldfish.wav,goldfish,False
/en/us/callie/base256/48000/gossamer.wav,awesome,False
/en/us/callie/base256/48000/graduate.wav,None,False
/en/us/callie/base256/48000/gravity.wav,None,False
/en/us/callie/base256/48000/gremlin.wav,None,False
/en/us/callie/base256/48000/guidance.wav,guidance,False
/en/us/callie/base256/48000/guitarist.wav,guitarist,False
/en/us/callie/base256/48000/hamburger.wav,Hamburg,False
/en/us/callie/base256/48000/Hamilton.wav,Hamilton,False
/en/us/callie/base256/48000/hamlet.wav,None,False
/en/us/callie/base256/48000/handiwork.wav,handiwork,False
/en/us/callie/base256/48000/hazardous.wav,hazardous,False
/en/us/callie/base256/48000/headwaters.wav,had water,False
/en/us/callie/base256/48000/hemisphere.wav,hemisphere,False
/en/us/callie/base256/48000/hesitate.wav,None,False
/en/us/callie/base256/48000/hideaway.wav,Hideaway,False
/en/us/callie/base256/48000/highchair.wav,high chair,False
/en/us/callie/base256/48000/hockey.wav,hockey,False
/en/us/callie/base256/48000/holiness.wav,holiness,False
/en/us/callie/base256/48000/hurricane.wav,hurricane,False
/en/us/callie/base256/48000/hydraulic.wav,None,False
/en/us/callie/base256/48000/impartial.wav,impartial,False
/en/us/callie/base256/48000/impetus.wav,impetus,False
/en/us/callie/base256/48000/inception.wav,Inception,False
/en/us/callie/base256/48000/indigo.wav,indigo,False
/en/us/callie/base256/48000/indoors.wav,indoors,False
/en/us/callie/base256/48000/indulge.wav,None,False
/en/us/callie/base256/48000/inertia.wav,inertia,False
/en/us/callie/base256/48000/infancy.wav,infancy,False
/en/us/callie/base256/48000/inferno.wav,Inferno,False
/en/us/callie/base256/48000/informant.wav,None,False
/en/us/callie/base256/48000/insincere.wav,insincere,False
/en/us/callie/base256/48000/insurgent.wav,None,False
/en/us/callie/base256/48000/integrate.wav,None,False
/en/us/callie/base256/48000/intention.wav,None,False
/en/us/callie/base256/48000/inventive.wav,inventive,False
/en/us/callie/base256/48000/inverse.wav,inverse,False
/en/us/callie/base256/48000/involve.wav,None,False
/en/us/callie/base256/48000/island.wav,Lila,False
/en/us/callie/base256/48000/Istanbul.wav,Istanbul,False
/en/us/callie/base256/48000/Jamaica.wav,Jamaica,False
/en/us/callie/base256/48000/jawbone.wav,Jabo,False
/en/us/callie/base256/48000/Jupiter.wav,None,False
/en/us/callie/base256/48000/keyboard.wav,None,False
/en/us/callie/base256/48000/kickoff.wav,kick off,False
/en/us/callie/base256/48000/kiwi.wav,kiwi,False
/en/us/callie/base256/48000/klaxon.wav,None,False
/en/us/callie/base256/48000/leprosy.wav,leprosy,False
/en/us/callie/base256/48000/letterhead.wav,letterhead,False
/en/us/callie/base256/48000/liberty.wav,Liberty,False
/en/us/callie/base256/48000/locale.wav,locale,False
/en/us/callie/base256/48000/lockup.wav,lock up,False
/en/us/callie/base256/48000/maritime.wav,maritime,False
/en/us/callie/base256/48000/matchmaker.wav,Matchmaker,False
/en/us/callie/base256/48000/maverick.wav,Maverick,False
/en/us/callie/base256/48000/Medusa.wav,Medusa,False
/en/us/callie/base256/48000/megaton.wav,Megaton,False
/en/us/callie/base256/48000/merit.wav,Mary,False
/en/us/callie/base256/48000/microscope.wav,microscope,False
/en/us/callie/base256/48000/microwave.wav,microwave,False
/en/us/callie/base256/48000/midsummer.wav,midsummer,False
/en/us/callie/base256/48000/millionaire.wav,millionaire,False
/en/us/callie/base256/48000/minnow.wav,minnow,False
/en/us/callie/base256/48000/miracle.wav,miracle,False
/en/us/callie/base256/48000/miser.wav,Miser,False
/en/us/callie/base256/48000/misnomer.wav,None,False
/en/us/callie/base256/48000/Mohawk.wav,mohawk,False
/en/us/callie/base256/48000/molasses.wav,molasses,False
/en/us/callie/base256/48000/molecule.wav,molecule,False
/en/us/callie/base256/48000/Montana.wav,Montana,False
/en/us/callie/base256/48000/monument.wav,None,False
/en/us/callie/base256/48000/mosquito.wav,mosquito,False
/en/us/callie/base256/48000/mural.wav,mirror,False
/en/us/callie/base256/48000/music.wav,None,False
/en/us/callie/base256/48000/narrative.wav,narrative,False
/en/us/callie/base256/48000/nebula.wav,nebula,False
/en/us/callie/base256/48000/necklace.wav,necklace,False
/en/us/callie/base256/48000/Neptune.wav,Neptune,False
/en/us/callie/base256/48000/newborn.wav,None,False
/en/us/callie/base256/48000/newsletter.wav,None,False
/en/us/callie/base256/48000/nightbird.wav,night bird,False
/en/us/callie/base256/48000/Norwegian.wav,Norwegian,False
/en/us/callie/base256/48000/Oakland.wav,Oakland,False
/en/us/callie/base256/48000/obtuse.wav,obtuse,False
/en/us/callie/base256/48000/October.wav,October,False
/en/us/callie/base256/48000/offload.wav,offload,False
/en/us/callie/base256/48000/Ohio.wav,Ohio,False
/en/us/callie/base256/48000/onlooker.wav,on look,False
/en/us/callie/base256/48000/optic.wav,None,False
/en/us/callie/base256/48000/opulent.wav,None,False
/en/us/callie/base256/48000/orca.wav,org,False
/en/us/callie/base256/48000/Orlando.wav,Orlando,False
/en/us/callie/base256/48000/outfielder.wav,Outfield,False
/en/us/callie/base256/48000/Pacific.wav,Pacific,False
/en/us/callie/base256/48000/pandemic.wav,pandemic,False
/en/us/callie/base256/48000/Pandora.wav,Pandora,False
/en/us/callie/base256/48000/paperweight.wav,paperweight,False
/en/us/callie/base256/48000/paragon.wav,paragon,False
/en/us/callie/base256/48000/paragraph.wav,paragraph,False
/en/us/callie/base256/48000/paramount.wav,Paramount,False
/en/us/callie/base256/48000/passenger.wav,None,False
/en/us/callie/base256/48000/payday.wav,payday,False
/en/us/callie/base256/48000/peachy.wav,peachy,False
/en/us/callie/base256/48000/pedigree.wav,pedigree,False
/en/us/callie/base256/48000/Pegasus.wav,Pegasus,False
/en/us/callie/base256/48000/penetrate.wav,kind of tree,False
/en/us/callie/base256/48000/perceptive.wav,perceptive,False
/en/us/callie/base256/48000/performance.wav,None,False
/en/us/callie/base256/48000/pharmacy.wav,Pharmacy,False
/en/us/callie/base256/48000/pheasant.wav,Fez,False
/en/us/callie/base256/48000/phonetic.wav,from that,False
/en/us/callie/base256/48000/photograph.wav,photograph,False
/en/us/callie/base256/48000/physique.wav,physique,False
/en/us/callie/base256/48000/pioneer.wav,pioneer,False
/en/us/callie/base256/48000/playhouse.wav,Playhouse,False
/en/us/callie/base256/48000/Pluto.wav,None,False
/en/us/callie/base256/48000/pocketful.wav,pocket full,False
/en/us/callie/base256/48000/politeness.wav,politeness,False
/en/us/callie/base256/48000/positive.wav,positive,False
/en/us/callie/base256/48000/potato.wav,potato,False
/en/us/callie/base256/48000/preclude.wav,None,False
/en/us/callie/base256/48000/prefer.wav,prefer,False
/en/us/callie/base256/48000/preshrunk.wav,preshrunk,False
/en/us/callie/base256/48000/printer.wav,print,False
/en/us/callie/base256/48000/processor.wav,processor,False
/en/us/callie/base256/48000/provincial.wav,provincial,False
/en/us/callie/base256/48000/prowler.wav,Prowler,False
/en/us/callie/base256/48000/proximate.wav,Proxima,False
/en/us/callie/base256/48000/puberty.wav,puberty,False
/en/us/callie/base256/48000/publisher.wav,publisher,False
/en/us/callie/base256/48000/pupil.wav,pupa,False
/en/us/callie/base256/48000/puppy.wav,puppy,False
/en/us/callie/base256/48000/pyramid.wav,None,False
/en/us/callie/base256/48000/python.wav,python,False
/en/us/callie/base256/48000/quadrant.wav,Quadra,False
/en/us/callie/base256/48000/quantity.wav,None,False
/en/us/callie/base256/48000/quiver.wav,quit,False
/en/us/callie/base256/48000/quota.wav,quota,False
/en/us/callie/base256/48000/racketeer.wav,racketeer,False
/en/us/callie/base256/48000/ragtime.wav,ragtime,False
/en/us/callie/base256/48000/ratchet.wav,ratchet,False
/en/us/callie/base256/48000/rebellion.wav,None,False
/en/us/callie/base256/48000/rebirth.wav,Reaper,False
/en/us/callie/base256/48000/recipe.wav,recipe,False
/en/us/callie/base256/48000/recover.wav,recover,False
/en/us/callie/base256/48000/reform.wav,None,False
/en/us/callie/base256/48000/regain.wav,None,False
/en/us/callie/base256/48000/reindeer.wav,reindeer,False
/en/us/callie/base256/48000/rematch.wav,rematch,False
/en/us/callie/base256/48000/repay.wav,repay,False
/en/us/callie/base256/48000/repellent.wav,rappelling,False
/en/us/callie/base256/48000/replica.wav,replica,False
/en/us/callie/base256/48000/reproduce.wav,reproduce,False
/en/us/callie/base256/48000/resistor.wav,resist,False
/en/us/callie/base256/48000/responsive.wav,None,False
/en/us/callie/base256/48000/retouch.wav,retouch,False
/en/us/callie/base256/48000/retraction.wav,retraction,False
/en/us/callie/base256/48000/retrieval.wav,retrieve,False
/en/us/callie/base256/48000/retrospect.wav,None,False
/en/us/callie/base256/48000/revenge.wav,Revenge,False
/en/us/callie/base256/48000/revenue.wav,Revenue,False
/en/us/callie/base256/48000/revival.wav,revive,False
/en/us/callie/base256/48000/revolver.wav,None,False
/en/us/callie/base256/48000/reward.wav,reward,False
/en/us/callie/base256/48000/rhythm.wav,rhythm,False
/en/us/callie/base256/48000/ribcage.wav,rib cage,False
/en/us/callie/base256/48000/ringbolt.wav,ring ball,False
/en/us/callie/base256/48000/robust.wav,None,False
/en/us/callie/base256/48000/rocker.wav,Rock,False
/en/us/callie/base256/48000/ruffled.wav,ruffle,False
/en/us/callie/base256/48000/sailboat.wav,sailboat,False
/en/us/callie/base256/48000/sandalwood.wav,Sandalwood,False
/en/us/callie/base256/48000/sardonic.wav,None,False
/en/us/callie/base256/48000/Saturday.wav,Saturday,False
/en/us/callie/base256/48000/savagery.wav,savagery,False
/en/us/callie/base256/48000/sawdust.wav,Sawdust,False
/en/us/callie/base256/48000/scallion.wav,Scalia,False
/en/us/callie/base256/48000/scavenger.wav,scavenger,False
/en/us/callie/base256/48000/scenic.wav,Cena,False
/en/us/callie/base256/48000/scorecard.wav,scorecards,False
/en/us/callie/base256/48000/Scotland.wav,None,False
/en/us/callie/base256/48000/seabird.wav,None,False
/en/us/callie/base256/48000/select.wav,None,False
/en/us/callie/base256/48000/sensation.wav,None,False
/en/us/callie/base256/48000/sentence.wav,sentence,False
/en/us/callie/base256/48000/shadow.wav,shadow,False
/en/us/callie/base256/48000/shamrock.wav,Shamrock,False
/en/us/callie/base256/48000/showgirl.wav,showgirl,False
/en/us/callie/base256/48000/skullcap.wav,Skullcap,False
/en/us/callie/base256/48000/skydive.wav,skydive,False
/en/us/callie/base256/48000/slingshot.wav,slingshot,False
/en/us/callie/base256/48000/slowdown.wav,slow down,False
/en/us/callie/base256/48000/snapline.wav,snap line,False
/en/us/callie/base256/48000/snapshot.wav,snapshot,False
/en/us/callie/base256/48000/snowcap.wav,snow cap,False
/en/us/callie/base256/48000/snowslide.wav,snow slide,False
/en/us/callie/base256/48000/sociable.wav,social,False
/en/us/callie/base256/48000/solo.wav,solo,False
/en/us/callie/base256/48000/southward.wav,Southward,False
/en/us/callie/base256/48000/souvenir.wav,souvenir,False
/en/us/callie/base256/48000/soybean.wav,None,False
/en/us/callie/base256/48000/spaniel.wav,Spanish,False
/en/us/callie/base256/48000/spearhead.wav,None,False
/en/us/callie/base256/48000/specialist.wav,specialist,False
/en/us/callie/base256/48000/speculate.wav,None,False
/en/us/callie/base256/48000/spellbind.wav,None,False
/en/us/callie/base256/48000/spheroid.wav,spheroid,False
/en/us/callie/base256/48000/spigot.wav,speak,False
/en/us/callie/base256/48000/spindle.wav,spin,False
/en/us/callie/base256/48000/spyglass.wav,spyglass,False
/en/us/callie/base256/48000/stagehand.wav,None,False
/en/us/callie/base256/48000/stagnate.wav,None,False
/en/us/callie/base256/48000/stairway.wav,stairway,False
/en/us/callie/base256/48000/standard.wav,None,False
/en/us/callie/base256/48000/stapler.wav,stapler,False
/en/us/callie/base256/48000/steamship.wav,steamship,False
/en/us/callie/base256/48000/sterling.wav,Sterling,False
/en/us/callie/base256/48000/stethoscope.wav,stethoscope,False
/en/us/callie/base256/48000/stockman.wav,None,False
/en/us/callie/base256/48000/stopwatch.wav,stopwatch,False
/en/us/callie/base256/48000/stormy.wav,storm,False
/en/us/callie/base256/48000/stupendous.wav,stupendous,False
/en/us/callie/base256/48000/sugar.wav,sugar,False
/en/us/callie/base256/48000/supportive.wav,supportive,False
/en/us/callie/base256/48000/surmount.wav,None,False
/en/us/callie/base256/48000/surrender.wav,surrender,False
/en/us/callie/base256/48000/suspense.wav,None,False
/en/us/callie/base256/48000/suspicious.wav,suspicious,False
/en/us/callie/base256/48000/sweatband.wav,sweatband,False
/en/us/callie/base256/48000/swelter.wav,sweltering,False
/en/us/callie/base256/48000/sympathy.wav,sympathy,False
/en/us/callie/base256/48000/tactics.wav,tactic,False
/en/us/callie/base256/48000/talon.wav,hello,False
/en/us/callie/base256/48000/tambourine.wav,tambourine,False
/en/us/callie/base256/48000/tapeworm.wav,None,False
/en/us/callie/base256/48000/telephone.wav,telephone,False
/en/us/callie/base256/48000/tempest.wav,Tempest,False
/en/us/callie/base256/48000/therapist.wav,therapist,False
/en/us/callie/base256/48000/tiger.wav,tiger,False
/en/us/callie/base256/48000/tissue.wav,tissue,False
/en/us/callie/base256/48000/tobacco.wav,tobacco,False
/en/us/callie/base256/48000/tolerance.wav,tolerance,False
/en/us/callie/base256/48000/tomorrow.wav,tomorrow,False
/en/us/callie/base256/48000/tonic.wav,Tana,False
/en/us/callie/base256/48000/topmost.wav,top most,False
/en/us/callie/base256/48000/torpedo.wav,None,False
/en/us/callie/base256/48000/tracker.wav,track,False
/en/us/callie/base256/48000/tradition.wav,None,False
/en/us/callie/base256/48000/transit.wav,None,False
/en/us/callie/base256/48000/trauma.wav,trauma,False
/en/us/callie/base256/48000/travesty.wav,travesty,False
/en/us/callie/base256/48000/treadmill.wav,None,False
/en/us/callie/base256/48000/Trojan.wav,None,False
/en/us/callie/base256/48000/trombonist.wav,trombonist,False
/en/us/callie/base256/48000/trouble.wav,,False
/en/us/callie/base256/48000/truncated.wav,truncate,False
/en/us/callie/base256/48000/tumor.wav,tumor,False
/en/us/callie/base256/48000/tunnel.wav,ton,False
/en/us/callie/base256/48000/tycoon.wav,Tycoon,False
/en/us/callie/base256/48000/typewriter.wav,None,False
/en/us/callie/base256/48000/ultimate.wav,None,False
/en/us/callie/base256/48000/uncut.wav,uncut,False
/en/us/callie/base256/48000/undaunted.wav,undaunted,False
/en/us/callie/base256/48000/underfoot.wav,underfoot,False
/en/us/callie/base256/48000/unearth.wav,on Earth,False
/en/us/callie/base256/48000/unicorn.wav,unicorn,False
/en/us/callie/base256/48000/unify.wav,unify,False
/en/us/callie/base256/48000/universe.wav,universe,False
/en/us/callie/base256/48000/unravel.wav,None,False
/en/us/callie/base256/48000/unwind.wav,unwind,False
/en/us/callie/base256/48000/upcoming.wav,upcoming,False
/en/us/callie/base256/48000/uproot.wav,uproot,False
/en/us/callie/base256/48000/upset.wav,upset,False
/en/us/callie/base256/48000/upshot.wav,up shot,False
/en/us/callie/base256/48000/vacancy.wav,vacancy,False
/en/us/callie/base256/48000/vagabond.wav,vagabond,False
/en/us/callie/base256/48000/vapor.wav,vapor,False
/en/us/callie/base256/48000/vertigo.wav,vertigo,False
/en/us/callie/base256/48000/village.wav,Village,False
/en/us/callie/base256/48000/Virginia.wav,Virginia,False
/en/us/callie/base256/48000/virus.wav,virus,False
/en/us/callie/base256/48000/visitor.wav,visit,False
/en/us/callie/base256/48000/vocalist.wav,vocalist,False
/en/us/callie/base256/48000/voyager.wav,Voyager,False
/en/us/callie/base256/48000/Vulcan.wav,vulka,False
/en/us/callie/base256/48000/waffle.wav,None,False
/en/us/callie/base256/48000/wallet.wav,wallet,False
/en/us/callie/base256/48000/warranty.wav,warranty,False
/en/us/callie/base256/48000/watchword.wav,watch watch,False
/en/us/callie/base256/48000/Waterloo.wav,Waterloo,False
/en/us/callie/base256/48000/wayside.wav,Wayside,False
/en/us/callie/base256/48000/whimsical.wav,whimsical,False
/en/us/callie/base256/48000/Wichita.wav,Wichita,False
/en/us/callie/base256/48000/willow.wav,Willow,False
/en/us/callie/base256/48000/Wilmington.wav,Wilmington,False
/en/us/callie/base256/48000/woodlark.wav,Woodlawn,False
/en/us/callie/base256/48000/Wyoming.wav,None,False
/en/us/callie/base256/48000/yesteryear.wav,yesteryear,False
/en/us/callie/base256/48000/Yucatan.wav,Yucatan,False
/en/us/callie/base256/48000/Zulu.wav,Zulu,False
/en/us/callie/conference/48000/conf-alone.wav,you are currently the only person in this conference,True
/en/us/callie/conference/48000/conf-bad-pin.wav,invalid pin number try again,True
/en/us/callie/conference/48000/conf-conference_is_full.wav,this conference is full please contact the conference,False
/en/us/callie/conference/48000/conf-conference_is_in_qna_mode.wav,this conference is in QA mode,False
/en/us/callie/conference/48000/conf-conference_will_start_shortly.wav,your conference will start shortly please stay on the line,False
/en/us/callie/conference/48000/conf-enter_conf_number.wav,please enter the conference number followed by the pound key,False
/en/us/callie/conference/48000/conf-enter_conf_pin.wav,enter the conference pin number followed by the pound key,False
/en/us/callie/conference/48000/conf-entry_sound.wav,entry,False
/en/us/callie/conference/48000/conf-exit_sound.wav,exit,False
/en/us/callie/conference/48000/conf-goodbye.wav,goodbye,True
/en/us/callie/conference/48000/conf-has_joined.wav,has entered the,False
/en/us/callie/conference/48000/conf-has_left.wav,has left the conference,False
/en/us/callie/conference/48000/conf-is-locked.wav,this conference is now locked,True
/en/us/callie/conference/48000/conf-is-unlocked.wav,this conference is now unlocked,True
/en/us/callie/conference/48000/conf-kicked.wav,you have been kicked from this conference,True
/en/us/callie/conference/48000/conf-listener_in_conference.wav,listeners in this conference,False
/en/us/callie/conference/48000/conf-listeners_in_conference.wav,listeners in this conference,False
/en/us/callie/conference/48000/conf-locked.wav,this conference is locked,True
/en/us/callie/conference/48000/conf-members_in_conference.wav,members in this conference,False
/en/us/callie/conference/48000/conf-muted.wav,you are now muted,True
/en/us/callie/conference/48000/conf-number_of_listeners.wav,enter the number of listeners at this location then press pound,False
/en/us/callie/conference/48000/conf-one_other_member_conference.wav,there is one other member in this conference,False
/en/us/callie/conference/48000/conf-one_other_person_conference.wav,there is one other person in this conference,False
/en/us/callie/conference/48000/conf-other_persons_conference.wav,other persons in this conference,False
/en/us/callie/conference/48000/conf-pin.wav,please enter the conference pin number,True
/en/us/callie/conference/48000/conf-qna_mode.wav,Q&A mode,False
/en/us/callie/conference/48000/conf-unmuted.wav,you are now unmuted,True
/en/us/callie/conference/48000/conf-welcome.wav,welcome to the conference,True
/en/us/callie/conference/48000/conf-you_are_already_muted.wav,you are already muted,False
/en/us/callie/conference/48000/conf-you_are_now_bidirectionally_muted.wav,you are now bi-directionally,False
/en/us/callie/currency/48000/and.wav,and,True
/en/us/callie/currency/48000/cent.wav,cent,True
/en/us/callie/currency/48000/central.wav,central,True
/en/us/callie/currency/48000/cents-per-minute.wav,cents per minute,True
/en/us/callie/currency/48000/cents.wav,cents,True
/en/us/callie/currency/48000/dollar.wav,dollar,True
/en/us/callie/currency/48000/dollars.wav,dollars,True
/en/us/callie/currency/48000/minus.wav,minus,True
/en/us/callie/currency/48000/negative.wav,negative,True
/en/gb/richard/currency/48000/pence.wav,pence,New
/en/gb/richard/currency/48000/pence-per-minute.wav,pence per minute,New
/en/gb/richard/currency/48000/pound.wav,pound,New
/en/gb/richard/currency/48000/pounds.wav,pounds,New
/en/us/callie/digits/48000/0.wav,zero,True
/en/us/callie/digits/48000/1.wav,one,True
/en/us/callie/digits/48000/10.wav,ten,True
/en/us/callie/digits/48000/11.wav,eleven,True
/en/us/callie/digits/48000/12.wav,twelve,True
/en/us/callie/digits/48000/13.wav,thirteen,True
/en/us/callie/digits/48000/14.wav,fourteen,True
/en/us/callie/digits/48000/15.wav,fifteen,True
/en/us/callie/digits/48000/16.wav,sixteen,True
/en/us/callie/digits/48000/17.wav,seventeen,True
/en/us/callie/digits/48000/18.wav,eighteen,True
/en/us/callie/digits/48000/19.wav,nineteen,True
/en/us/callie/digits/48000/2.wav,two,True
/en/us/callie/digits/48000/20.wav,twenty,True
/en/us/callie/digits/48000/3.wav,three,True
/en/us/callie/digits/48000/30.wav,thirty,True
/en/us/callie/digits/48000/4.wav,four,True
/en/us/callie/digits/48000/40.wav,forty,True
/en/us/callie/digits/48000/5.wav,five,True
/en/us/callie/digits/48000/50.wav,fifty,True
/en/us/callie/digits/48000/6.wav,six,True
/en/us/callie/digits/48000/60.wav,sixty,True
/en/us/callie/digits/48000/7.wav,seven,True
/en/us/callie/digits/48000/70.wav,seventy,True
/en/us/callie/digits/48000/8.wav,eight,True
/en/us/callie/digits/48000/80.wav,eighty,True
/en/us/callie/digits/48000/9.wav,nine,True
/en/us/callie/digits/48000/90.wav,ninety,True
/en/us/callie/digits/48000/dot.wav,dot,True
/en/us/callie/digits/48000/h-1.wav,first,True
/en/us/callie/digits/48000/h-10.wav,tenth,True
/en/us/callie/digits/48000/h-11.wav,eleventh,True
/en/us/callie/digits/48000/h-12.wav,twelfth,True
/en/us/callie/digits/48000/h-13.wav,thirteenth,True
/en/us/callie/digits/48000/h-14.wav,fourteenth,True
/en/us/callie/digits/48000/h-15.wav,fifteenth,True
/en/us/callie/digits/48000/h-16.wav,sixteenth,True
/en/us/callie/digits/48000/h-17.wav,seventeenth,True
/en/us/callie/digits/48000/h-18.wav,eighteenth,True
/en/us/callie/digits/48000/h-19.wav,nineteenth,True
/en/us/callie/digits/48000/h-2.wav,second,True
/en/us/callie/digits/48000/h-20.wav,twentieth,True
/en/us/callie/digits/48000/h-3.wav,third,True
/en/us/callie/digits/48000/h-30.wav,thirtieth,True
/en/us/callie/digits/48000/h-4.wav,fourth,True
/en/us/callie/digits/48000/h-5.wav,fifth,True
/en/us/callie/digits/48000/h-6.wav,sixth,True
/en/us/callie/digits/48000/h-7.wav,seventh,True
/en/us/callie/digits/48000/h-8.wav,eighth,True
/en/us/callie/digits/48000/h-9.wav,ninth,True
/en/us/callie/digits/48000/hundred.wav,hundred,True
/en/us/callie/digits/48000/million.wav,million,True
/en/us/callie/digits/48000/period.wav,period,True
/en/us/callie/digits/48000/point.wav,point,True
/en/us/callie/digits/48000/pound.wav,pound,True
/en/us/callie/digits/48000/star.wav,star,True
/en/us/callie/digits/48000/thousand.wav,thousand,True
/en/us/callie/directory/48000/dir-at_extension.wav,at extension,True
/en/us/callie/directory/48000/dir-enter_person.wav,please enter the first few letters of the personâ€™s,Should
/en/us/callie/directory/48000/dir-enter_person_first_or_last.wav,please enter the first few letters of the person's first or last name,Should
/en/us/callie/directory/48000/dir-first_name.wav,first name,True
/en/us/callie/directory/48000/dir-for_next.wav,for the next entry,True
/en/us/callie/directory/48000/dir-for_prev.wav,for the previous entry,True
/en/us/callie/directory/48000/dir-last_name.wav,last name,True
/en/us/callie/directory/48000/dir-letters_of_person_name.wav,letters of the person's name,True
/en/us/callie/directory/48000/dir-no_matching_results.wav,there were no matching results,Should
/en/us/callie/directory/48000/dir-no_more_results.wav,no more results,Should
/en/us/callie/directory/48000/dir-please_try_again.wav,please try again,Should
/en/us/callie/directory/48000/dir-result_match.wav,results matched your search,True
/en/us/callie/directory/48000/dir-result_number.wav,result number,True
/en/us/callie/directory/48000/dir-specify_mininum.wav,you need to specify a minimum of,Should
/en/us/callie/directory/48000/dir-start_new_search.wav,to start a new search,Should
/en/us/callie/directory/48000/dir-to_search_by.wav,to search by,True
/en/us/callie/directory/48000/dir-to_select_entry.wav,to select this entry,True
/en/us/callie/directory/48000/dir-too_many_result.wav,your search returned too many results,Should
/en/gb/richard/directory/48000/dir-press.wav,press,New
/en/us/callie/ivr/48000/ivr-accept_reject.wav,to accept press 1 to reject press 2,False
/en/us/callie/ivr/48000/ivr-accept_reject_voicemail.wav,to accept press 1 to reject press 2 to send to voicemail press 3,False
/en/us/callie/ivr/48000/ivr-access_denied.wav,access denied,False
/en/us/callie/ivr/48000/ivr-account_balance_is.wav,the account balance is,False
/en/us/callie/ivr/48000/ivr-account_number.wav,account number,True
/en/us/callie/ivr/48000/ivr-aint_nobody_got_time_for_that.wav,ain't nobody got time for that,False
/en/us/callie/ivr/48000/ivr-all_your_call_are_belong_to_us.wav,all your call are belong to us,False
/en/us/callie/ivr/48000/ivr-already_contains_a_recording.wav,already contains a record,False
/en/us/callie/ivr/48000/ivr-anonymous_caller.wav,Anonymous call,False
/en/us/callie/ivr/48000/ivr-any_other_digit.wav,press any other digital,False
/en/us/callie/ivr/48000/ivr-appointment_schedule_for.wav,you have an appointment scheduled,False
/en/us/callie/ivr/48000/ivr-asterisk_like_syphilis.wav,asterisk is like syphilis it hurts until it's gone,False
/en/us/callie/ivr/48000/ivr-at_the_tone.wav,at the tone,False
/en/us/callie/ivr/48000/ivr-automated_attendant.wav,automated attendant,False
/en/us/callie/ivr/48000/ivr-automated_attendants.wav,automated attendant,False
/en/us/callie/ivr/48000/ivr-barbecuing.wav,if you thought someone was barbecuing press,False
/en/us/callie/ivr/48000/ivr-beacuase.wav,be a coup as the voices we're pretty good,False
/en/us/callie/ivr/48000/ivr-begin_recording.wav,begin recording,False
/en/us/callie/ivr/48000/ivr-by_dialing.wav,by dialling,False
/en/us/callie/ivr/48000/ivr-call.wav,call,True
/en/us/callie/ivr/48000/ivr-call_answered_order_received.wav,your call will be answered in the order it was received,False
/en/us/callie/ivr/48000/ivr-call_attempt_aborted.wav,the call attempt has been aboard,False
/en/us/callie/ivr/48000/ivr-call_being_transferred.wav,your call is being transferred,False
/en/us/callie/ivr/48000/ivr-call_cannot_be_completed_as_dialed.wav,Your call cannot be completed as dialed,False
/en/us/callie/ivr/48000/ivr-call_forwarding_has_been_cancelled.wav,call forwarding has been,False
/en/us/callie/ivr/48000/ivr-call_forwarding_has_been_set.wav,call forwarding has been set,False
/en/us/callie/ivr/48000/ivr-call_from.wav,you have a call from,False
/en/us/callie/ivr/48000/ivr-call_rejected.wav,call,False
/en/us/callie/ivr/48000/ivr-call_screening_disabled.wav,call screening has been,False
/en/us/callie/ivr/48000/ivr-call_screening_enabled.wav,call screening has been enabled,False
/en/us/callie/ivr/48000/ivr-cancel_wakeup_call.wav,to cancel a wake up call,False
/en/us/callie/ivr/48000/ivr-cold_foolish.wav,man that is cold foolish cold foolish,False
/en/us/callie/ivr/48000/ivr-cold_pop.wav,to grab a cold pop press,False
/en/us/callie/ivr/48000/ivr-concentrate.wav,concentrate focus on the bunny focus on the bunny,False
/en/us/callie/ivr/48000/ivr-congratulations_you_pressed_star.wav,congratulations you press star that does not mean you are a star it simply means that you can press buttons and probably have fingers,False
/en/us/callie/ivr/48000/ivr-connect_actual_human_being.wav,please hold while we connect you to an actual human being,False
/en/us/callie/ivr/48000/ivr-connect_to_caller.wav,connect to caller,True
/en/us/callie/ivr/48000/ivr-contact_system_administrator.wav,please contact the system administrator for assistance,False
/en/us/callie/ivr/48000/ivr-credit_card_could_not_be_charged.wav,the credit card on file could not be charged,False
/en/us/callie/ivr/48000/ivr-custom_mode_number.wav,customer mode number,False
/en/us/callie/ivr/48000/ivr-customer_service.wav,customer service,True
/en/us/callie/ivr/48000/ivr-daily_wakeup_call.wav,daily wake-up call,False
/en/us/callie/ivr/48000/ivr-day_mode.wav,day mode,False
/en/us/callie/ivr/48000/ivr-delayed_echo_your_audio_back.wav,after the tone I will send a delayed echo of your audio back to you,False
/en/us/callie/ivr/48000/ivr-did_you_mean_to_press_key.wav,did you mean to press that key,False
/en/us/callie/ivr/48000/ivr-disabled.wav,None,False
/en/us/callie/ivr/48000/ivr-dnd_activated.wav,do not disturb is now activated,False
/en/us/callie/ivr/48000/ivr-dnd_cancelled.wav,do not disturb has been,False
/en/us/callie/ivr/48000/ivr-do_not_call_list.wav,that number is on the Do Not Call list,False
/en/us/callie/ivr/48000/ivr-does_not_contain_a_recording.wav,does not contain a recording,False
/en/us/callie/ivr/48000/ivr-douche_telecom.wav,thank you for calling douche Telecom where we're making sure that your Communications never have that not-so-fresh feeling,False
/en/us/callie/ivr/48000/ivr-dude_you_suck.wav,dude you suck,False
/en/us/callie/ivr/48000/ivr-echo_your_audio_back.wav,after the tone I will Echo your audio back to you,False
/en/us/callie/ivr/48000/ivr-enabled.wav,None,False
/en/us/callie/ivr/48000/ivr-engineers_busy_assisting_other_sales.wav,all of our Engineers are busy assisting other sales guys with demonstrating how cool the Cuda tell is,False
/en/us/callie/ivr/48000/ivr-enjoy_music_while_transfer.wav,please enjoy the music while your call is being transferred,False
/en/us/callie/ivr/48000/ivr-ensure_service_keeps_working.wav,to ensure that your service keeps working,False
/en/us/callie/ivr/48000/ivr-enter_destination_telephone_number.wav,enter the destination telephone number then press pound,False
/en/us/callie/ivr/48000/ivr-enter_ext.wav,if you know your party's extension please enter it now,True
/en/us/callie/ivr/48000/ivr-enter_ext_pound.wav,please enter an extension followed by the hash key,True
/en/us/callie/ivr/48000/ivr-enter_number_send_fax.wav,please enter the number to which I should send this fax then press pound,False
/en/us/callie/ivr/48000/ivr-enter_number_to_add_to_blacklist.wav,please enter the number to be added to the black list,False
/en/us/callie/ivr/48000/ivr-enter_number_to_remove_from_blacklist.wav,please enter the number to be removed from The Blacklist,False
/en/us/callie/ivr/48000/ivr-enter_queue_number.wav,please enter the queue number followed by the pound or hash sign,False
/en/us/callie/ivr/48000/ivr-enter_source_telephone_number.wav,enter the source telephone number then press pound,False
/en/us/callie/ivr/48000/ivr-estimated_hold_time.wav,your estimated hold time is,False
/en/us/callie/ivr/48000/ivr-exit_sound_prompt.wav,the exit sound promising,False
/en/us/callie/ivr/48000/ivr-extension_number.wav,extension,False
/en/us/callie/ivr/48000/ivr-extension_to_provision_this_phone.wav,please enter the extension number to which you would like to provision this phone followed by the hash key,True
/en/us/callie/ivr/48000/ivr-failure_reason_is.wav,failure reason is,False
/en/us/callie/ivr/48000/ivr-feature.wav,feature,False
/en/us/callie/ivr/48000/ivr-file.wav,file,False
/en/us/callie/ivr/48000/ivr-file_a_jira.wav,if you don't like it you can file a gyro,False
/en/us/callie/ivr/48000/ivr-files.wav,files,False
/en/us/callie/ivr/48000/ivr-finished_pound_hash_key.wav,when you are finished press the pound or hash key,False
/en/us/callie/ivr/48000/ivr-first_name_first.wav,first name first,True
/en/us/callie/ivr/48000/ivr-followed_by_pound.wav,followed by the pound or hash key,False
/en/us/callie/ivr/48000/ivr-for.wav,for,False
/en/us/callie/ivr/48000/ivr-for_a_wakeup_call.wav,for a wake-up call,False
/en/us/callie/ivr/48000/ivr-for_daily_wakeup_call.wav,for a daily wake-up call,False
/en/us/callie/ivr/48000/ivr-for_daily_wakeup_calls.wav,for daily wake-up calls,False
/en/us/callie/ivr/48000/ivr-for_directory_press.wav,for a directory press,False
/en/us/callie/ivr/48000/ivr-for_english_press.wav,for English,False
/en/us/callie/ivr/48000/ivr-for_one_time_wakeup_call.wav,for a one-time wake-up call,False
/en/us/callie/ivr/48000/ivr-for_other_options.wav,for other options press,False
/en/us/callie/ivr/48000/ivr-for_this_person.wav,for this person,True
/en/us/callie/ivr/48000/ivr-founder_of_freesource.wav,allow me to introduce the founder of free source Anthony minestrone,False
/en/us/callie/ivr/48000/ivr-freeguipy.wav,have yourself a slice of free gooey pie,False
/en/us/callie/ivr/48000/ivr-gateway_down.wav,Gateway down,False
/en/us/callie/ivr/48000/ivr-generic_greeting.wav,thank you for calling if you know your party's extension please enter it now or Dial 9 for a director,False
/en/us/callie/ivr/48000/ivr-good_afternoon.wav,good afternoon,False
/en/us/callie/ivr/48000/ivr-good_evening.wav,good evening,False
/en/us/callie/ivr/48000/ivr-good_morning.wav,good morning,False
/en/us/callie/ivr/48000/ivr-got_bronchitis.wav,you got bronchitis press,False
/en/us/callie/ivr/48000/ivr-hang_up.wav,hang up,False
/en/us/callie/ivr/48000/ivr-hangup_to_discard.wav,hang up the call without pressing a key to discard the record,False
/en/us/callie/ivr/48000/ivr-hangup_to_end_test.wav,hang up to end the test,False
/en/us/callie/ivr/48000/ivr-has_been_added_to_the_blacklist.wav,has been added to the,False
/en/us/callie/ivr/48000/ivr-has_been_answered.wav,has been answered,False
/en/us/callie/ivr/48000/ivr-has_been_removed.wav,has been removed,False
/en/us/callie/ivr/48000/ivr-has_been_removed_from_blacklist.wav,has been removed from The Blacklist,False
/en/us/callie/ivr/48000/ivr-has_called_emergency_services.wav,has called Emergency Services,False
/en/us/callie/ivr/48000/ivr-has_had.wav,has had,False
/en/us/callie/ivr/48000/ivr-has_left_the_building.wav,has left the building,False
/en/us/callie/ivr/48000/ivr-hear_usage_stats.wav,to hear usage statistics,False
/en/us/callie/ivr/48000/ivr-hello.wav,hello,True
/en/us/callie/ivr/48000/ivr-hold_connect_call.wav,please hold while I connect your call,True
/en/us/callie/ivr/48000/ivr-hotseat_intro.wav,to hear the hot seat menu please enter your extension followed by the pound or hash key,False
/en/us/callie/ivr/48000/ivr-hotseat_options.wav,too hot seat this phone to your extension press 1 to remove hot seat on this phone press 2,False
/en/us/callie/ivr/48000/ivr-hotseat_pin.wav,please enter your PIN number followed by the pound or hash key,False
/en/us/callie/ivr/48000/ivr-id_number.wav,ID number,False
/en/us/callie/ivr/48000/ivr-if_correct_one_if_not_two.wav,if this is correct press 1 if not press 2,False
/en/us/callie/ivr/48000/ivr-if_correct_press.wav,if this is correct press,False
/en/us/callie/ivr/48000/ivr-if_not_press.wav,if not press,False
/en/us/callie/ivr/48000/ivr-if_you_would_like_us_to_call_back.wav,if you would like us to call you back,False
/en/us/callie/ivr/48000/ivr-im_sorry.wav,I'm sorry,True
/en/us/callie/ivr/48000/ivr-in_line.wav,in line,False
/en/us/callie/ivr/48000/ivr-incoming_call.wav,incoming call,False
/en/us/callie/ivr/48000/ivr-incompatible_destination.wav,incompatible destination,False
/en/us/callie/ivr/48000/ivr-invalid_extension_try_again.wav,invalid extension please try again,False
/en/us/callie/ivr/48000/ivr-invalid_number_format.wav,invalid number format,False
/en/us/callie/ivr/48000/ivr-invalid_sound_prompt.wav,the invalid sound promising,False
/en/us/callie/ivr/48000/ivr-is_already_on_the_blacklist.wav,is already on The Blacklist,False
/en/us/callie/ivr/48000/ivr-is_not_on_the_blacklist.wav,is not on The Blacklist,False
/en/us/callie/ivr/48000/ivr-is_now_off.wav,is now off,False
/en/us/callie/ivr/48000/ivr-is_now_on.wav,is now on,False
/en/us/callie/ivr/48000/ivr-it_appears_that_your_phone_number_is.wav,it appears that your phone number is,False
/en/us/callie/ivr/48000/ivr-it_was_that_bug.wav,well I'll be a monkey's bitch it was that,False
/en/us/callie/ivr/48000/ivr-key.wav,key,False
/en/us/callie/ivr/48000/ivr-last_name_first.wav,last name first,True
/en/us/callie/ivr/48000/ivr-learn_more_freeguipydotorg.wav,learn more at free2go eui p y Dot o-- r-- g--,False
/en/us/callie/ivr/48000/ivr-less_than.wav,less,False
/en/us/callie/ivr/48000/ivr-longer_than_usual_hold_times.wav,we are experiencing longer than usual hold time,False
/en/us/callie/ivr/48000/ivr-love_those_touch_tones.wav,I just love the way you press those touch tones,False
/en/us/callie/ivr/48000/ivr-lunch_mode.wav,lunch mode,False
/en/us/callie/ivr/48000/ivr-message_self_destruct.wav,this message will self-destruct in 5 4 3 2 1,False
/en/us/callie/ivr/48000/ivr-modify_main_prompt.wav,to modify Main,False
/en/us/callie/ivr/48000/ivr-modify_main_prompts.wav,to modify Main,False
/en/us/callie/ivr/48000/ivr-modify_option_prompts.wav,to modify option,False
/en/us/callie/ivr/48000/ivr-more_than.wav,more than,False
/en/us/callie/ivr/48000/ivr-next_billing_cycle.wav,your next billing cycle begins on,False
/en/us/callie/ivr/48000/ivr-night_mode.wav,night mode,False
/en/us/callie/ivr/48000/ivr-no_calls_waiting_in_queue.wav,there are no calls waiting in this queue,False
/en/us/callie/ivr/48000/ivr-no_longer_in_queue.wav,you are no longer in,False
/en/us/callie/ivr/48000/ivr-no_menu_items.wav,this menu has no items please contact the administrator,False
/en/us/callie/ivr/48000/ivr-no_no_no.wav,no no no,False
/en/us/callie/ivr/48000/ivr-no_questions_in_queue.wav,no questions in queue,False
/en/us/callie/ivr/48000/ivr-no_route_destination.wav,no route to,False
/en/us/callie/ivr/48000/ivr-no_shoes.wav,if you didn't grab no shoes or nothing and ran for your life press,False
/en/us/callie/ivr/48000/ivr-no_user_response.wav,no user response,False
/en/us/callie/ivr/48000/ivr-nobody_got_time_for_that.wav,ain't nobody got time for that press,False
/en/us/callie/ivr/48000/ivr-normal_clearing.wav,normal,False
/en/us/callie/ivr/48000/ivr-normal_unspecified.wav,normal unspecified,False
/en/us/callie/ivr/48000/ivr-not.wav,not,True
/en/us/callie/ivr/48000/ivr-not_accept_anonymous_calls.wav,that person does not accept anonymous calls,False
/en/us/callie/ivr/48000/ivr-not_have_permission.wav,you do not have permission to perform this action,False
/en/us/callie/ivr/48000/ivr-not_have_permission_to_edit.wav,you do not have permission to edit,False
/en/us/callie/ivr/48000/ivr-not_requested_wakeup_call.wav,you have not requested a wake-up call,False
/en/us/callie/ivr/48000/ivr-number.wav,number,False
/en/us/callie/ivr/48000/ivr-oh_whatever.wav,whatever,False
/en/us/callie/ivr/48000/ivr-on_hold_indefinitely.wav,your call is very important to us but your sanity is not so we will be happy to keep you on hold forever torturing you with are annoying hold music,False
/en/us/callie/ivr/48000/ivr-one_moment_please.wav,one moment please,False
/en/us/callie/ivr/48000/ivr-one_more_mistake.wav,that's it one more mistake and I will hang up on your ass,False
/en/us/callie/ivr/48000/ivr-one_time_wakeup_call.wav,one time wake up call,False
/en/us/callie/ivr/48000/ivr-one_yes_two_no.wav,press 1 for yes press 2 for no,False
/en/us/callie/ivr/48000/ivr-operator.wav,operator,True
/en/us/callie/ivr/48000/ivr-option.wav,option,False
/en/us/callie/ivr/48000/ivr-or.wav,or,True
/en/us/callie/ivr/48000/ivr-or_press.wav,or press,False
/en/us/callie/ivr/48000/ivr-out_of.wav,out of,False
/en/us/callie/ivr/48000/ivr-per_minute.wav,per minute,False
/en/us/callie/ivr/48000/ivr-perform_delayed_echo_test.wav,to perform a delayed Echo test prep,False
/en/us/callie/ivr/48000/ivr-perform_dtmf_test.wav,to perform a DTMF test press,False
/en/us/callie/ivr/48000/ivr-perform_echo_test.wav,to perform an echo test prep,False
/en/us/callie/ivr/48000/ivr-phone_is_configured_properly.wav,congratulations this phone is configured properly and may now be assigned to a user,False
/en/us/callie/ivr/48000/ivr-phone_is_unassigned.wav,this phone is unassigned and may not be used to make external calls,False
/en/us/callie/ivr/48000/ivr-phone_not_configured.wav,this phone is not configured properly,False
/en/us/callie/ivr/48000/ivr-phone_not_make_external_calls.wav,this phone is not allowed to make external calls,False
/en/us/callie/ivr/48000/ivr-pin_or_extension_is-invalid.wav,your PIN number or extension is invalid,True
/en/us/callie/ivr/48000/ivr-please.wav,please,True
/en/us/callie/ivr/48000/ivr-please_check_number_try_again.wav,please check the number and try again,False
/en/us/callie/ivr/48000/ivr-please_contact.wav,please contact,False
/en/us/callie/ivr/48000/ivr-please_enjoy_music_while_party_reached.wav,please enjoy the music while your party is being reached,False
/en/us/callie/ivr/48000/ivr-please_enter_extension_followed_by_pound.wav,please enter your extension followed by the hash key,True
/en/us/callie/ivr/48000/ivr-please_enter_extension_number_of.wav,please enter the extension number of,False
/en/us/callie/ivr/48000/ivr-please_enter_pin_followed_by_pound.wav,please enter your PIN number followed by the hash key,True
/en/us/callie/ivr/48000/ivr-please_enter_the.wav,please enter the,False
/en/us/callie/ivr/48000/ivr-please_enter_the_number_where_we_can_reach_you.wav,please enter the number where we can reach you,False
/en/us/callie/ivr/48000/ivr-please_enter_the_phone_number.wav,please enter the phone number,False
/en/us/callie/ivr/48000/ivr-please_hold_while_party_contacted.wav,please hold while your party is being contacted,False
/en/us/callie/ivr/48000/ivr-please_reenter_your_pin.wav,please re-enter your PIN number to confirm,True
/en/us/callie/ivr/48000/ivr-please_return_our_call_at.wav,please return our call at,True
/en/us/callie/ivr/48000/ivr-please_state_your_name_and_reason_for_calling.wav,please state your name and the reason for your call,False
/en/us/callie/ivr/48000/ivr-please_try_again.wav,please try again,True
/en/us/callie/ivr/48000/ivr-press_key_of_prompt_to_modify.wav,press the key of the prompt you would like to modify,False
/en/us/callie/ivr/48000/ivr-press_one_q_or_z.wav,press 1 for Q or Z,True
/en/us/callie/ivr/48000/ivr-prompt.wav,Main,False
/en/us/callie/ivr/48000/ivr-provision_phone_permanently_to_extension.wav,you are about to provision this phone permanently to your extension,True
/en/us/callie/ivr/48000/ivr-question.wav,question,False
/en/us/callie/ivr/48000/ivr-questions.wav,questions,False
/en/us/callie/ivr/48000/ivr-read_each_key_press_back.wav,press one or more keys I will read each key press back to you,False
/en/us/callie/ivr/48000/ivr-record_exit_sound.wav,please record the exit sound promising,False
/en/us/callie/ivr/48000/ivr-record_invalid_sound.wav,please record the invalid sound promising,False
/en/us/callie/ivr/48000/ivr-record_prompt.wav,please record the prom,False
/en/us/callie/ivr/48000/ivr-record_short_greeting.wav,please record the short greeting,False
/en/us/callie/ivr/48000/ivr-recording_deleted.wav,recording delete,False
/en/us/callie/ivr/48000/ivr-recording_paused.wav,recording pause,False
/en/us/callie/ivr/48000/ivr-recording_saved.wav,thank you your recording has been,False
/en/us/callie/ivr/48000/ivr-recording_started.wav,recording started,False
/en/us/callie/ivr/48000/ivr-recording_stopped.wav,recording stops,False
/en/us/callie/ivr/48000/ivr-regarding_reference_number.wav,regarding reference number,True
/en/us/callie/ivr/48000/ivr-register_for_cluecon.wav,to register for clue con please press,True
/en/us/callie/ivr/48000/ivr-reminder_for.wav,this is a reminder for,False
/en/us/callie/ivr/48000/ivr-repeat_this_information.wav,to repeat this information,False
/en/us/callie/ivr/48000/ivr-request_or_use_pin.wav,alternatively you can request or use a pin code on your,False
/en/us/callie/ivr/48000/ivr-request_wakeup_call.wav,to request a wake up call,False
/en/us/callie/ivr/48000/ivr-requested_wakeup_call_for.wav,you have requested a wake-up call for,False
/en/us/callie/ivr/48000/ivr-reset_usage_totals.wav,to reset usage,False
/en/us/callie/ivr/48000/ivr-reset_usage_totals_confirm.wav,you have chosen to reset usage total,False
/en/us/callie/ivr/48000/ivr-sales.wav,sales,True
/en/us/callie/ivr/48000/ivr-sample_submenu.wav,this is a sample ivr submenu free switch allows for great flexibility in designing ivr systems,True
/en/us/callie/ivr/48000/ivr-save_review_record.wav,press one to save your recording press 2 to review your recording press 3 to re-record,False
/en/us/callie/ivr/48000/ivr-say_name.wav,please say your name after the tone,True
/en/us/callie/ivr/48000/ivr-send_fax.wav,to send a fax press,False
/en/us/callie/ivr/48000/ivr-send_fax_now.wav,send your fax now,False
/en/us/callie/ivr/48000/ivr-send_to_voicemail.wav,send this caller to voicemail,True
/en/us/callie/ivr/48000/ivr-seriously_mean_to_press_key.wav,seriously did you really mean to press that key,False
/en/us/callie/ivr/48000/ivr-short_greeting.wav,the short greeting,False
/en/us/callie/ivr/48000/ivr-skip_instructions.wav,to skip these instructions,False
/en/us/callie/ivr/48000/ivr-smoke_got_you.wav,if the smoke got you press,False
/en/us/callie/ivr/48000/ivr-speak_to_a_customer_service_representative.wav,speak to a customer service representative,True
/en/us/callie/ivr/48000/ivr-spell_name.wav,Please spell the name of the person you are trying to reach,True
/en/us/callie/ivr/48000/ivr-stay_on_line_call_answered_momentarily.wav,please stay on the line your call will be answered momentarily,False
/en/us/callie/ivr/48000/ivr-suck.wav,suck,False
/en/us/callie/ivr/48000/ivr-sucks.wav,sucks,False
/en/us/callie/ivr/48000/ivr-system_back_up_in_approximately.wav,the system will be back up in,False
/en/us/callie/ivr/48000/ivr-system_down_for_maintenance.wav,the system is going down for maintenance,False
/en/us/callie/ivr/48000/ivr-take_a_message.wav,take a message,True
/en/us/callie/ivr/48000/ivr-technical_support.wav,technical support,True
/en/us/callie/ivr/48000/ivr-terribly_wrong_awkward.wav,something went terribly terribly wrong,False
/en/us/callie/ivr/48000/ivr-thank_you.wav,thank you,True
/en/us/callie/ivr/48000/ivr-thank_you_for_calling.wav,thank you for calling,False
/en/us/callie/ivr/48000/ivr-thank_you_for_holding.wav,thank you for holding,False
/en/us/callie/ivr/48000/ivr-that_was_an_invalid_entry.wav,that was an invalid entry,True
/en/us/callie/ivr/48000/ivr-that_you_would_like_to_modify.wav,that you would like to modify,False
/en/us/callie/ivr/48000/ivr-the_billing_department.wav,the billing department,False
/en/us/callie/ivr/48000/ivr-there_are.wav,there are,False
/en/us/callie/ivr/48000/ivr-there_is.wav,there is,False
/en/us/callie/ivr/48000/ivr-this_feature.wav,this,False
/en/us/callie/ivr/48000/ivr-this_is_a_call_from.wav,this is a call from,True
/en/us/callie/ivr/48000/ivr-this_is_your_wakeup_call.wav,this is your wake-up call,False
/en/us/callie/ivr/48000/ivr-this_ivr_will_let_you_test_features.wav,this ivr will let you test some of the features of your free switch installation,True
/en/us/callie/ivr/48000/ivr-this_phone_will_now_reboot.wav,thank you this phone will now reboot,True
/en/us/callie/ivr/48000/ivr-to_accept_press.wav,to accept press,False
/en/us/callie/ivr/48000/ivr-to_accept_press_one.wav,to accept press 1,False
/en/us/callie/ivr/48000/ivr-to_call_the_freeswitch_conference.wav,to call the free switch conference,True
/en/us/callie/ivr/48000/ivr-to_confirm.wav,to confirm,False
/en/us/callie/ivr/48000/ivr-to_do_a_freeswitch_echo_test.wav,to do a free switch Echo test,True
/en/us/callie/ivr/48000/ivr-to_do_a_fwd_echo_test.wav,to do a free world dial-up Echo test,True
/en/us/callie/ivr/48000/ivr-to_hear_sample_submenu.wav,to hear a sample ivr submenu,True
/en/us/callie/ivr/48000/ivr-to_hear_screaming_monkeys.wav,to hear screaming monkeys,True
/en/us/callie/ivr/48000/ivr-to_learn_more_about_freeswitch.wav,to learn more about free switch,False
/en/us/callie/ivr/48000/ivr-to_listen_to_moh.wav,to listen to music on hold,True
/en/us/callie/ivr/48000/ivr-to_log_in.wav,to log in,True
/en/us/callie/ivr/48000/ivr-to_log_out.wav,to log out,True
/en/us/callie/ivr/48000/ivr-to_modify.wav,to modify,False
/en/us/callie/ivr/48000/ivr-to_redial_last_call.wav,to Redial your last call,False
/en/us/callie/ivr/48000/ivr-to_reject.wav,to reject,False
/en/us/callie/ivr/48000/ivr-to_reject_hangup.wav,to reject hang up the call without pressing a key,False
/en/us/callie/ivr/48000/ivr-to_repeat_these_options.wav,to repeat these options,True
/en/us/callie/ivr/48000/ivr-to_return_to_previous_menu.wav,to return to the previous menu,True
/en/us/callie/ivr/48000/ivr-to_skip.wav,to skip,False
/en/us/callie/ivr/48000/ivr-to_speak_with_an_operator.wav,to speak with an operator,True
/en/us/callie/ivr/48000/ivr-to_wait_stay_on_the_line.wav,to wait for the next available representative please stay on the line,False
/en/us/callie/ivr/48000/ivr-trollover_minutes.wav,congratulations you've earned 1500 troll over minutes this,False
/en/us/callie/ivr/48000/ivr-unable_save.wav,the system is unable to save your sound file at this time please try again later,False
/en/us/callie/ivr/48000/ivr-unallocated_number.wav,unallocated number,False
/en/us/callie/ivr/48000/ivr-unblock_caller_id.wav,you must unblock your caller ID for pinless authorization to the calling card,False
/en/us/callie/ivr/48000/ivr-units.wav,unit,False
/en/us/callie/ivr/48000/ivr-usage_totals_have_been_reset.wav,usage totals have been reset to zero,False
/en/us/callie/ivr/48000/ivr-use_telephone_keypad.wav,using your telephone keypad,True
/en/us/callie/ivr/48000/ivr-user_busy.wav,user busy,False
/en/us/callie/ivr/48000/ivr-using_telephone_keypad.wav,using your telephone keypad,False
/en/us/callie/ivr/48000/ivr-visitor.wav,is it,False
/en/us/callie/ivr/48000/ivr-visitors.wav,visitors,False
/en/us/callie/ivr/48000/ivr-wakeup_call.wav,wake up call,False
/en/us/callie/ivr/48000/ivr-wakeup_call_cancelled.wav,your wake-up call has been,False
/en/us/callie/ivr/48000/ivr-wakey_wakey_sunshine.wav,wakey wakey sunshine,False
/en/us/callie/ivr/48000/ivr-we_will_return_your_call_at_this_number.wav,we will return your call at this number as soon as,False
/en/us/callie/ivr/48000/ivr-we_would_support.wav,we would support the shit out of you if only you returned our phone calls and emails,False
/en/us/callie/ivr/48000/ivr-welcome.wav,welcome,False
/en/us/callie/ivr/48000/ivr-welcome_to.wav,welcome to,False
/en/us/callie/ivr/48000/ivr-welcome_to_freeswitch.wav,welcome to Free switch the future of telephony,True
/en/us/callie/ivr/48000/ivr-were_asterisk_free.wav,3 2 1 we're asterisk free,False
/en/us/callie/ivr/48000/ivr-when_finished_press_any_key.wav,when finished press any key,False
/en/us/callie/ivr/48000/ivr-withdrawn.wav,withdrawn,False
/en/us/callie/ivr/48000/ivr-would_you_like_to_receive_a_call_at_this_number.wav,would you like to receive a call at this number,False
/en/us/callie/ivr/48000/ivr-yes_we_have_no_bananas.wav,yes we Have No Bananas,False
/en/us/callie/ivr/48000/ivr-you_are_about_to_provision_this_phone.wav,you are about to provision this phone to your account,True
/en/us/callie/ivr/48000/ivr-you_are_now_logged_in.wav,you are now logged in,False
/en/us/callie/ivr/48000/ivr-you_are_now_logged_out.wav,you are now logged out,False
/en/us/callie/ivr/48000/ivr-you_are_number.wav,you are number,False
/en/us/callie/ivr/48000/ivr-you_are_number_one.wav,you are caller number one of course every caller is number one in our book so you may be waiting a while,False
/en/us/callie/ivr/48000/ivr-you_are_the.wav,you are the,False
/en/us/callie/ivr/48000/ivr-you_entered.wav,you entered,False
/en/us/callie/ivr/48000/ivr-you_have_dialed_an_invalid_extension.wav,you have dialled an invalid extension,True
/en/us/callie/ivr/48000/ivr-you_have_used.wav,you have used,False
/en/us/callie/ivr/48000/ivr-you_lose.wav,it's all there black and white clear as Crystal you stole fizzy lifting drinks you bumped into,False
/en/us/callie/ivr/48000/ivr-you_may.wav,you may,True
/en/us/callie/ivr/48000/ivr-you_may_exit_by_hanging_up.wav,you may exit at any time by simply hanging up,True
/en/us/callie/ivr/48000/ivr-your_caller_id_information_is.wav,your caller ID information is,False
/en/us/callie/ivr/48000/ivr-your_caller_id_number_is_blocked.wav,your caller ID number is blocked,False
/en/us/callie/ivr/48000/ivr-youre_doing_it_wrong.wav,you're doing it wrong but I'll try to connect you anyway douchebag,False
/en/us/callie/ivr/48000/ivr-yuno_silent_drill.wav,why you know silent drill,False
/en/us/callie/ivr/48000/ivr_connect_live_operator.wav,please hold while we connect you to a live operator,False
/en/us/callie/misc/48000/call_monitoring_blurb.wav,this call may be monitored or recorded for quality and training purposes,False
/en/us/callie/misc/48000/call_secured.wav,this call has been secured,True
/en/us/callie/misc/48000/en.wav,English,False
/en/us/callie/misc/48000/error.wav,an error has occurred please contact the administrator,True
/en/us/callie/misc/48000/es.wav,Spanish,False
/en/us/callie/misc/48000/followed.wav,followed by hash,True
/en/us/callie/misc/48000/if_you_are_this_person.wav,if you are this person,True
/en/us/callie/misc/48000/if_you_would_like_to.wav,if you would like to,True
/en/us/callie/misc/48000/invalid_extension.wav,that is an invalid,False
/en/us/callie/misc/48000/misc-chicago_each_summer.wav,it is held in downtown Chicago each summer,False
/en/us/callie/misc/48000/misc-cluecon_is_premier_conference.wav,Luke on is the Premier open source telephony developer,False
/en/us/callie/misc/48000/misc-free_to_download.wav,best of all it is free for anyone to download and use,False
/en/us/callie/misc/48000/misc-freeswitch_dot_org_more.wav,visit www.freebets.com org to learn more about our project and worldwide community,False
/en/us/callie/misc/48000/misc-freeswitch_is_state_of_the_art.wav,briefs which is a state-of-the-art telecommunications platform,False
/en/us/callie/misc/48000/misc-freeswitch_sponsored_by_ostag.wav,free switch is open source software that is sponsored by AA stag the open source telephony advancement,False
/en/us/callie/misc/48000/misc-fss_best_consulting.wav,free switch Solutions offers the best free switch Consulting money can buy,False
/en/us/callie/misc/48000/misc-fss_contact_us.wav,contact us at www.floridasurflessons.com to see how we can help you take your free switch experience to the next level,False
/en/us/callie/misc/48000/misc-fss_network_of_experts.wav,we have a network of free switch experts that includes the core free switch development team,False
/en/us/callie/misc/48000/misc-information_about_freeswitch.wav,for information about free switch press,False
/en/us/callie/misc/48000/misc-it_is_stable_scalable_extensible.wav,it is stable highly scalable and extensible,False
/en/us/callie/misc/48000/misc-join_us_each_wed.wav,join us each Wednesday at 1 p.m. eastern time on the public free switch conference,False
/en/us/callie/misc/48000/misc-learn_more_about_freeswitch_solutions.wav,to hear about free switch Solutions,False
/en/us/callie/misc/48000/misc-more_info_wiki.wav,more information is available online at wikidot free switch dot-org,False
/en/us/callie/misc/48000/misc-ostag_learn_more.wav,stag is advancing the next generation of telephony through open source software learn more at www.stlglass.com,False
/en/us/callie/misc/48000/misc-Sangoma.wav,sin Goma,False
/en/us/callie/misc/48000/misc-soccer_mom.wav,it's totally soccer mom shit,False
/en/us/callie/misc/48000/misc-speak_live_with_community.wav,would you like to speak live with other members of the free switch,False
/en/us/callie/misc/48000/misc-support_open_source_by_attending.wav,attending clue con you are showing support not only for free switch but also the entire spectrum of open-source telephony,False
/en/us/callie/misc/48000/misc-to_hear_about_cluecon.wav,to hear about clue,False
/en/us/callie/misc/48000/misc-welcome_freeswitch_conf_call.wav,welcome to the free switch Community conference call,False
/en/us/callie/misc/48000/misc-wide_range_of_persons.wav,Luke on brings together a wide range of VoIP Engineers software developers and business person,False
/en/us/callie/misc/48000/misc-your_call_has_been_terminated.wav,your call has been terminated,True
/en/us/callie/misc/48000/misc-your_call_will_be_terminated_in.wav,your call will be terminated in,True
/en/us/callie/misc/48000/phone_not_auth.wav,this phone is not authorized to make outside calls,False
/en/us/callie/misc/48000/provide_reference_number.wav,provide reference number,True
/en/us/callie/misc/48000/sorry.wav,I'm sorry,False
/en/us/callie/misc/48000/transfer1.wav,please enter the extension you want to transfer to,True
/en/us/callie/misc/48000/transfer2.wav,transfer,True
/en/us/callie/misc/48000/we_are_trying_to_reach.wav,we're trying to reach,True
/en/us/callie/phonetic-ascii/48000/100.wav,Delta,True
/en/us/callie/phonetic-ascii/48000/101.wav,Echo,True
/en/us/callie/phonetic-ascii/48000/102.wav,Foxtrot,True
/en/us/callie/phonetic-ascii/48000/103.wav,Golf,True
/en/us/callie/phonetic-ascii/48000/104.wav,Hotel,True
/en/us/callie/phonetic-ascii/48000/105.wav,India,True
/en/us/callie/phonetic-ascii/48000/106.wav,Juliet,True
/en/us/callie/phonetic-ascii/48000/107.wav,Kilo,True
/en/us/callie/phonetic-ascii/48000/108.wav,Lima,True
/en/us/callie/phonetic-ascii/48000/109.wav,Mike,True
/en/us/callie/phonetic-ascii/48000/110.wav,November,True
/en/us/callie/phonetic-ascii/48000/111.wav,Oscar,True
/en/us/callie/phonetic-ascii/48000/112.wav,Papa,True
/en/us/callie/phonetic-ascii/48000/113.wav,Quebec,True
/en/us/callie/phonetic-ascii/48000/114.wav,Romeo,True
/en/us/callie/phonetic-ascii/48000/115.wav,Sierra,True
/en/us/callie/phonetic-ascii/48000/116.wav,Tango,True
/en/us/callie/phonetic-ascii/48000/117.wav,Uniform,True
/en/us/callie/phonetic-ascii/48000/118.wav,Victor,True
/en/us/callie/phonetic-ascii/48000/119.wav,Whiskey,True
/en/us/callie/phonetic-ascii/48000/120.wav,X-ray,True
/en/us/callie/phonetic-ascii/48000/121.wav,Yankee,True
/en/us/callie/phonetic-ascii/48000/122.wav,Zulu,True
/en/us/callie/phonetic-ascii/48000/32.wav,Space,True
/en/us/callie/phonetic-ascii/48000/35.wav,Hash,True
/en/us/callie/phonetic-ascii/48000/42.wav,Star,True
/en/us/callie/phonetic-ascii/48000/46.wav,Dot,True
/en/us/callie/phonetic-ascii/48000/97.wav,Alpha,True
/en/us/callie/phonetic-ascii/48000/98.wav,Bravo,True
/en/us/callie/phonetic-ascii/48000/99.wav,Charlie,True
/en/us/callie/time/48000/a-m.wav,a.m.,True
/en/us/callie/time/48000/at.wav,at,True
/en/us/callie/time/48000/day-0.wav,Sunday,True
/en/us/callie/time/48000/day-1.wav,Monday,True
/en/us/callie/time/48000/day-2.wav,Tuesday,True
/en/us/callie/time/48000/day-3.wav,Wednesday,True
/en/us/callie/time/48000/day-4.wav,Thursday,True
/en/us/callie/time/48000/day-5.wav,Friday,True
/en/us/callie/time/48000/day-6.wav,Saturday,True
/en/us/callie/time/48000/hour.wav,hour,True
/en/us/callie/time/48000/hours.wav,hours,True
/en/us/callie/time/48000/minute.wav,minute,True
/en/us/callie/time/48000/minutes.wav,minutes,True
/en/us/callie/time/48000/mon-0.wav,January,True
/en/us/callie/time/48000/mon-1.wav,February,True
/en/us/callie/time/48000/mon-10.wav,November,True
/en/us/callie/time/48000/mon-11.wav,December,True
/en/us/callie/time/48000/mon-2.wav,March,True
/en/us/callie/time/48000/mon-3.wav,April,True
/en/us/callie/time/48000/mon-4.wav,May,True
/en/us/callie/time/48000/mon-5.wav,June,True
/en/us/callie/time/48000/mon-6.wav,July,True
/en/us/callie/time/48000/mon-7.wav,August,True
/en/us/callie/time/48000/mon-8.wav,September,True
/en/us/callie/time/48000/mon-9.wav,October,True
/en/us/callie/time/48000/oclock.wav,oâ€™clock,True
/en/us/callie/time/48000/oh.wav,oh,True
/en/us/callie/time/48000/p-m.wav,p.m.,True
/en/us/callie/time/48000/second.wav,second,True
/en/us/callie/time/48000/seconds.wav,seconds,True
/en/us/callie/time/48000/today.wav,today,True
/en/us/callie/time/48000/tomorrow.wav,tomorrow,True
/en/us/callie/time/48000/yesterday.wav,yesterday,True
/en/us/callie/voicemail/48000/vm-abort.wav,too many failed attempts,True
/en/us/callie/voicemail/48000/vm-advanced.wav,for advanced options,True
/en/us/callie/voicemail/48000/vm-advanced_alt.wav,for advanced options,False
/en/us/callie/voicemail/48000/vm-change_password.wav,to change your password,True
/en/us/callie/voicemail/48000/vm-choose_greeting.wav,to choose greeting,True
/en/us/callie/voicemail/48000/vm-choose_greeting_choose.wav,choose a greeting between one and nine,True
/en/us/callie/voicemail/48000/vm-choose_greeting_fail.wav,invalid value,True
/en/us/callie/voicemail/48000/vm-choose_password.wav,please choose a password that does not contain all repeating or all consecutive,False
/en/us/callie/voicemail/48000/vm-continue.wav,to continue,True
/en/us/callie/voicemail/48000/vm-delete_greeting.wav,to delete,False
/en/us/callie/voicemail/48000/vm-delete_message.wav,to delete this message,False
/en/us/callie/voicemail/48000/vm-delete_recording.wav,to delete the recording,True
/en/us/callie/voicemail/48000/vm-deleted.wav,deleted,True
/en/us/callie/voicemail/48000/vm-emailed.wav,emailed,True
/en/us/callie/voicemail/48000/vm-enter_id.wav,please enter your ID followed by,True
/en/us/callie/voicemail/48000/vm-enter_new_pin.wav,please enter your new password then press the pound key,False
/en/us/callie/voicemail/48000/vm-enter_pass.wav,please enter your password followed by,True
/en/us/callie/voicemail/48000/vm-fail_auth.wav,login incorrect,True
/en/us/callie/voicemail/48000/vm-followed_by.wav,followed by,True
/en/us/callie/voicemail/48000/vm-followed_by_pound.wav,followed by,False
/en/us/callie/voicemail/48000/vm-forward_add_intro.wav,to add an introduction to this message,True
/en/us/callie/voicemail/48000/vm-forward_enter_ext.wav,please enter the extension to forward this message to,True
/en/us/callie/voicemail/48000/vm-forward_to_email.wav,to forward the recording to your email,True
/en/us/callie/voicemail/48000/vm-from.wav,from,False
/en/us/callie/voicemail/48000/vm-goodbye.wav,goodbye,True
/en/us/callie/voicemail/48000/vm-greeting.wav,greeting,True
/en/us/callie/voicemail/48000/vm-has_been_changed_to.wav,has been changed to,False
/en/us/callie/voicemail/48000/vm-hello.wav,welcome to your voicemail,True
/en/us/callie/voicemail/48000/vm-in_folder.wav,in folder inbox,False
/en/us/callie/voicemail/48000/vm-last.wav,None,False
/en/us/callie/voicemail/48000/vm-listen_new.wav,to listen to new messages,True
/en/us/callie/voicemail/48000/vm-listen_saved.wav,to listen to saved messages,True
/en/us/callie/voicemail/48000/vm-listen_to_greeting.wav,to listen to,False
/en/us/callie/voicemail/48000/vm-listen_to_recording.wav,to listen to the recording,True
/en/us/callie/voicemail/48000/vm-listen_to_recording_again.wav,to listen to the recording again,True
/en/us/callie/voicemail/48000/vm-mailbox_full.wav,that mailbox is full please try your call again later,True
/en/us/callie/voicemail/48000/vm-main_menu.wav,for the main menu,True
/en/us/callie/voicemail/48000/vm-main_menu_alt.wav,for the main menu,False
/en/us/callie/voicemail/48000/vm-mark-urgent.wav,to mark this message urgent,True
/en/us/callie/voicemail/48000/vm-mark_message_new.wav,to mark this message as new,False
/en/us/callie/voicemail/48000/vm-marked-urgent.wav,marked urgent,True
/en/us/callie/voicemail/48000/vm-marked_new.wav,marked new,False
/en/us/callie/voicemail/48000/vm-message.wav,message,True
/en/us/callie/voicemail/48000/vm-message_alt.wav,message,False
/en/us/callie/voicemail/48000/vm-message_envelope.wav,to hear the message envelope,False
/en/us/callie/voicemail/48000/vm-message_forwarded.wav,message forwarding,False
/en/us/callie/voicemail/48000/vm-message_from.wav,message from,False
/en/us/callie/voicemail/48000/vm-message_number.wav,message number,True
/en/us/callie/voicemail/48000/vm-messages.wav,messages,True
/en/us/callie/voicemail/48000/vm-messages_alt.wav,messages,False
/en/us/callie/voicemail/48000/vm-minimum_pin_length_is.wav,the minimum pin length is,False
/en/us/callie/voicemail/48000/vm-new.wav,new,True
/en/us/callie/voicemail/48000/vm-next.wav,neck,False
/en/us/callie/voicemail/48000/vm-no_answer_no_vm.wav,the extension you have dialed does not answer and there is no voicemail box setup for this extension,False
/en/us/callie/voicemail/48000/vm-no_more_messages.wav,no more messages,False
/en/us/callie/voicemail/48000/vm-nobody_leaving_message.wav,nobody is currently leaving a message in this voicemail box,False
/en/us/callie/voicemail/48000/vm-not_available.wav,is not available,True
/en/us/callie/voicemail/48000/vm-not_available_no_voicemail.wav,the person you are trying to reach is not available and does not have voicemail,False
/en/us/callie/voicemail/48000/vm-password_has_been_changed.wav,your password has been changed,False
/en/us/callie/voicemail/48000/vm-password_is_not_secure.wav,password such as 1 1 1 1 or 1 2 3 4 is not secure,False
/en/us/callie/voicemail/48000/vm-password_not_valid.wav,the password you entered is not valid on this,False
/en/us/callie/voicemail/48000/vm-person.wav,the person at extension,True
/en/us/callie/voicemail/48000/vm-pin_below_minimum_length.wav,the pin you entered is below the minimum length,False
/en/us/callie/voicemail/48000/vm-play_greeting.wav,to play your greeting,True
/en/us/callie/voicemail/48000/vm-play_next_message.wav,to play the next message,False
/en/us/callie/voicemail/48000/vm-play_previous_message.wav,to play the previous message,False
/en/us/callie/voicemail/48000/vm-press.wav,press,True
/en/us/callie/voicemail/48000/vm-received.wav,receive,False
/en/us/callie/voicemail/48000/vm-record_greeting.wav,record your greeting at the tone press any key or stop talking to end the recording,True
/en/us/callie/voicemail/48000/vm-record_message.wav,record your message at the tone press any key or stop talking to end the recording,True
/en/us/callie/voicemail/48000/vm-record_name1.wav,at the tone please record your name press any key or stop talking to end the recording,True
/en/us/callie/voicemail/48000/vm-record_name2.wav,to record your name,True
/en/us/callie/voicemail/48000/vm-repeat_message.wav,to repeat this message,False
/en/us/callie/voicemail/48000/vm-rerecord.wav,to re-record,True
/en/us/callie/voicemail/48000/vm-return_call.wav,to return the call now,True
/en/us/callie/voicemail/48000/vm-save_message.wav,to save this message,False
/en/us/callie/voicemail/48000/vm-save_recording.wav,to save the recording,True
/en/us/callie/voicemail/48000/vm-saved.wav,saved,True
/en/us/callie/voicemail/48000/vm-selected.wav,selected,True
/en/us/callie/voicemail/48000/vm-send_message_now.wav,to send this message now,True
/en/us/callie/voicemail/48000/vm-that_was_an_invalid_ext.wav,that was an invalid extension,True
/en/us/callie/voicemail/48000/vm-to_exit.wav,to exit,True
/en/us/callie/voicemail/48000/vm-to_exit_alt.wav,to exit,False
/en/us/callie/voicemail/48000/vm-to_forward.wav,to forward this message,True
/en/us/callie/voicemail/48000/vm-to_record_greeting.wav,to record a greeting,True
/en/us/callie/voicemail/48000/vm-too-small.wav,your recording is below the minimum acceptable length please try again,True
/en/us/callie/voicemail/48000/vm-tutorial_change_pin.wav,your personal identification number or pin is used to prevent others from accessing your voicemail messages would you like to change it now,False
/en/us/callie/voicemail/48000/vm-tutorial_record_name.wav,need to record your first and last name this recording is used throughout the system including in the company directory,False
/en/us/callie/voicemail/48000/vm-tutorial_yes_no.wav,welcome to your new voicemail to listen to a tutorial and set up your voicemail box press 1 to skip press 2,False
/en/us/callie/voicemail/48000/vm-undelete_message.wav,to undelete this message,False
/en/us/callie/voicemail/48000/vm-undeleted.wav,undelete,False
/en/us/callie/voicemail/48000/vm-urgent-new.wav,urgent new,True
/en/us/callie/voicemail/48000/vm-urgent-saved.wav,urgent saved,True
/en/us/callie/voicemail/48000/vm-urgent.wav,urgent,True
/en/us/callie/voicemail/48000/vm-voicemail_password_is_web_password.wav,remember that your voicemail password is also your web interface,False
/en/us/callie/voicemail/48000/vm-you_have.wav,you have,True
/en/us/callie/zrtp/48000/zrtp-check_sas.wav,you must check the authentication string with your partner if it doesn't match it indicates the presence of a wiretap,False
/en/us/callie/zrtp/48000/zrtp-enroll_already_enrolled.wav,your phone indicates that it already trust the system to relay zrtp secured calls so you do not need to do anything more,False
/en/us/callie/zrtp/48000/zrtp-enroll_confirmed.wav,this system is equipped to handle zrtp encrypted phone calls you must decide if you want to allow the system to be in a position to intercept and possibly monitor your secure phone calls you may hang up after you've done this,False
/en/us/callie/zrtp/48000/zrtp-enroll_not_sip_registered.wav,my phones that are authenticated can be configured to trust this system to relay zrtp secured calls your phone is not authenticated with this system so this call will have no effect,False
/en/us/callie/zrtp/48000/zrtp-enroll_notzrtp.wav,only phones equipped with the zrtp protocol can use this extension your phone is not a zrtp enable phone so this call will have no effect,False
/en/us/callie/zrtp/48000/zrtp-enroll_welcome.wav,welcome to the zrtp security enrollment,False
/en/us/callie/zrtp/48000/zrtp-is_secure.wav,verbally compare this authentication code with your,False
/en/us/callie/zrtp/48000/zrtp-is_unverified.wav,authentication code is now unverified,False
/en/us/callie/zrtp/48000/zrtp-is_verified.wav,authentication code is now verified,False
/en/us/callie/zrtp/48000/zrtp-somethings_wrong.wav,something's wrong,False
/en/us/callie/zrtp/48000/zrtp-status_error.wav,err,False
/en/us/callie/zrtp/48000/zrtp-status_notsecure.wav,call is not secure,False
/en/us/callie/zrtp/48000/zrtp-status_secure.wav,call is secure,False
/en/us/callie/zrtp/48000/zrtp-status_securing.wav,securing call,False
/en/us/callie/zrtp/48000/zrtp-thankyou_goodbye.wav,thank you for calling goodbye,False
